consumer_901960,110
consumer_460096,5047
consumer_784966,73
consumer_373272,1393
consumer_88832,5167
consumer_181821,33
consumer_655756,46
consumer_364784,46
consumer_420938,456
consumer_983916,492
consumer_737062,662
consumer_157415,42
consumer_707031,1736
consumer_377491,32
consumer_73733,264
consumer_234074,595
consumer_538526,7089
consumer_477302,304
consumer_626161,292
consumer_365766,1413
consumer_291911,32
consumer_940022,320
consumer_705324,47
consumer_788764,322
consumer_732183,33
consumer_376680,48
consumer_673987,52
consumer_637056,32
consumer_780353,36
consumer_136047,39
consumer_836083,1626
consumer_510327,9001
consumer_913824,396
consumer_552559,37
consumer_400642,888
consumer_360360,56
consumer_265244,90
consumer_750039,1145
consumer_593743,468
consumer_797765,1974
consumer_517927,342
consumer_136169,484
consumer_668425,40
consumer_510299,33
consumer_306325,32
consumer_50962,102
consumer_504471,32
consumer_650564,3463
consumer_860828,35
consumer_932196,704
consumer_983470,9400
consumer_363773,33
consumer_963744,74
consumer_723441,454
consumer_115611,85
consumer_87745,2913
consumer_312321,60
consumer_406231,39
consumer_986721,2155
consumer_491256,862
consumer_353164,32
consumer_210931,56
consumer_672301,12967
consumer_955623,46
consumer_348759,62
consumer_851710,50
consumer_408331,44
consumer_978801,34
consumer_379975,36
consumer_335997,35
consumer_89975,32
consumer_834418,346
consumer_233505,64
consumer_253472,59
consumer_600188,32
consumer_59339,347
consumer_150584,34
consumer_699632,422
consumer_579585,1004
consumer_866977,3011
consumer_315980,44
consumer_687751,74
consumer_841064,182
consumer_597967,9298
consumer_224153,180
consumer_69723,4419
consumer_672604,4271
consumer_30937,44
consumer_460789,32
consumer_56597,11428
consumer_757888,9064
consumer_828104,33
consumer_630494,516
consumer_234087,32
consumer_212778,33
consumer_174922,111
consumer_351399,2999
consumer_676772,48
consumer_168562,1004
consumer_778180,120
consumer_700417,43
consumer_864036,4282
consumer_713592,87
consumer_642025,939
consumer_183506,159
consumer_797422,6266
consumer_841287,32
consumer_584792,50
consumer_391567,372
consumer_609243,602
consumer_752848,555
consumer_786678,475
consumer_857386,74
consumer_682189,34
consumer_966022,47
consumer_632924,329
consumer_155768,37
consumer_204364,125
consumer_391881,36
consumer_552894,12687
consumer_239645,773
consumer_270654,39
consumer_605132,33
consumer_366115,92
consumer_603058,33
consumer_965788,156
consumer_943078,2580
consumer_583669,1622
consumer_977709,5309
consumer_92913,622
consumer_487305,34
consumer_706906,1086
consumer_310360,32
consumer_545032,36
consumer_999983,415
consumer_809863,38
consumer_281579,37
consumer_630109,136
consumer_731413,5654
consumer_528720,102
consumer_380830,42
consumer_990088,11692
consumer_434981,3030
consumer_724390,268
consumer_889994,139
consumer_406229,383
consumer_949264,35
consumer_693165,33
consumer_133058,143
consumer_600615,11260
consumer_995430,4222
consumer_945585,3919
consumer_948688,2105
consumer_579458,160
consumer_214121,148
consumer_308942,598
consumer_924215,183
consumer_397019,54
consumer_679107,48
consumer_158930,495
consumer_394360,33
consumer_241923,1007
consumer_942495,46
consumer_945165,8621
consumer_650172,35
consumer_194751,1211
consumer_439353,32
consumer_362965,33
consumer_371378,34
consumer_814170,38
consumer_417871,32
consumer_874263,40
consumer_961420,318
consumer_75156,1169
consumer_892589,42
consumer_429156,32
consumer_781138,10437
consumer_602320,33
consumer_123224,904
consumer_292114,32
consumer_95205,2343
consumer_404448,32
consumer_648166,4966
consumer_208658,34
consumer_411869,1521
consumer_242622,34
consumer_730109,32
consumer_512374,4674
consumer_958449,2047
consumer_172821,7639
consumer_291179,8587
consumer_826536,82
consumer_692189,32
consumer_768310,266
consumer_738480,414
consumer_210233,39
consumer_186709,270
consumer_492157,1042
consumer_319872,33
consumer_200743,66
consumer_927708,1369
consumer_582278,165
consumer_590226,464
consumer_170053,419
consumer_738276,51
consumer_346453,57
consumer_831779,35
consumer_520705,119
consumer_602543,263
consumer_724325,2652
consumer_793536,1973
consumer_306935,32
consumer_419106,6484
consumer_418726,33
consumer_584692,13304
consumer_692061,39
consumer_335271,32
consumer_375423,35
consumer_871305,2734
consumer_702838,532
consumer_743001,3679
consumer_53173,91
consumer_483393,247
consumer_401115,1021
consumer_475515,8136
consumer_777881,38
consumer_227604,48
consumer_794897,32
consumer_947504,79
consumer_89596,48
consumer_408311,33
consumer_588970,559
consumer_770120,566
consumer_368166,320
consumer_845660,9330
consumer_513430,63
consumer_152491,904
consumer_565787,35
consumer_294893,60
consumer_290641,32
consumer_180783,35
consumer_269131,90
consumer_897415,71
consumer_193680,178
consumer_544640,42
consumer_618046,34
consumer_810630,32
consumer_188475,44
consumer_867356,210
consumer_81948,4975
consumer_550428,4504
consumer_282642,82
consumer_653557,56
consumer_492365,3558
consumer_861630,32
consumer_328379,192
consumer_461327,33
consumer_866927,441
consumer_83711,711
consumer_64022,44
consumer_962233,32
consumer_804454,131
consumer_658536,2659
consumer_739211,87
consumer_981670,778
consumer_40736,65
consumer_750103,69
consumer_73498,33
consumer_161451,60
consumer_430419,1818
consumer_476079,32
consumer_92611,133
consumer_702897,41
consumer_174376,9590
consumer_348873,118
consumer_578549,32
consumer_971849,12160
consumer_638442,51
consumer_722277,32
consumer_417824,8234
consumer_368242,32
consumer_144416,8127
consumer_696778,678
consumer_480125,90
consumer_387472,38
consumer_480085,192
consumer_883271,32
consumer_966897,34
consumer_555860,291
consumer_699644,34
consumer_113237,383
consumer_660657,1429
consumer_313308,2046
consumer_89719,32
consumer_965190,1878
consumer_101229,34
consumer_433282,14230
consumer_539222,4270
consumer_812294,35
consumer_122861,42
consumer_517088,1808
consumer_678337,8670
consumer_23214,1708
consumer_859463,59
consumer_983817,84
consumer_46139,86
consumer_810174,34
consumer_81805,32
consumer_614534,84
consumer_267033,91
consumer_405956,12147
consumer_463011,101
consumer_31579,387
consumer_383215,2609
consumer_759859,1794
consumer_835083,5502
consumer_351023,562
consumer_165679,38
consumer_594235,35
consumer_665392,44
consumer_934737,639
consumer_895970,3571
consumer_804585,198
consumer_815326,37
consumer_494427,2801
consumer_923741,33
consumer_869259,1359
consumer_628326,1877
consumer_914849,3159
consumer_875427,5872
consumer_885556,322
consumer_347182,12326
consumer_747743,5861
consumer_936343,34
consumer_848631,344
consumer_109482,241
consumer_535122,32
consumer_883970,1124
consumer_302229,851
consumer_608630,5008
consumer_890294,68
consumer_104673,78
consumer_988411,5830
consumer_139350,32
consumer_493732,1484
consumer_856810,246
consumer_168303,1606
consumer_741781,33
consumer_481162,943
consumer_279372,12101
consumer_484086,40
consumer_69961,52
consumer_824519,41
consumer_512486,545
consumer_569049,12179
consumer_400883,1955
consumer_412602,9161
consumer_753549,1818
consumer_693453,51
consumer_632085,35
consumer_949714,452
consumer_387549,3261
consumer_723836,774
consumer_946498,8504
consumer_916441,3313
consumer_156455,180
consumer_822691,215
consumer_100932,34
consumer_192399,54
consumer_499367,51
consumer_960364,804
consumer_517717,32
consumer_684803,57
consumer_930352,109
consumer_198659,35
consumer_555561,46
consumer_408942,3906
consumer_780618,8230
consumer_315283,541
consumer_258092,33
consumer_651271,33
consumer_460541,588
consumer_285229,59
consumer_534761,449
consumer_333087,11480
consumer_404290,34
consumer_473472,260
consumer_694637,40
consumer_309877,3292
consumer_260045,5244
consumer_419478,3346
consumer_855986,33
consumer_287623,44
consumer_531659,34
consumer_218403,34
consumer_150393,35
consumer_193019,2873
consumer_969509,111
consumer_115182,1107
consumer_803110,41
consumer_76908,5478
consumer_178801,32
consumer_220684,2572
consumer_269029,37
consumer_423533,2200
consumer_663334,6401
consumer_246864,75
consumer_533985,355
consumer_605228,97
consumer_60482,32
consumer_859482,109
consumer_450876,1103
consumer_221020,9482
consumer_537455,2568
consumer_145929,608
consumer_271814,11371
consumer_506185,32
consumer_933283,98
consumer_582545,6030
consumer_803928,13821
consumer_747086,1215
consumer_266818,36
consumer_953486,106
consumer_739941,51
consumer_355222,44
consumer_86094,38
consumer_761188,96
consumer_501314,33
consumer_317966,5353
consumer_78439,1255
consumer_649516,45
consumer_170745,348
consumer_814457,15154
consumer_131464,1104
consumer_838862,5240
consumer_909628,64
consumer_397220,1157
consumer_944099,33
consumer_70930,1166
consumer_573223,16129
consumer_808082,50
consumer_864911,1016
consumer_966233,233
consumer_307870,6091
consumer_328960,2761
consumer_990289,8168
consumer_845028,609
consumer_484374,302
consumer_742143,32
consumer_68137,1712
consumer_344617,900
consumer_651238,32
consumer_419299,121
consumer_552557,33
consumer_427174,504
consumer_188367,649
consumer_832959,32
consumer_106295,32
consumer_189253,33
consumer_578059,36
consumer_884984,33
consumer_559094,86
consumer_577437,148
consumer_46870,55
consumer_412887,233
consumer_836190,36
consumer_799054,696
consumer_599418,33
consumer_972291,128
consumer_726007,758
consumer_243757,32
consumer_769894,1083
consumer_790806,808
consumer_35582,14078
consumer_519129,79
consumer_220254,3012
consumer_198069,41
consumer_415062,42
consumer_874597,55
consumer_667719,37
consumer_883186,10186
consumer_87047,3881
consumer_904278,57
consumer_471766,411
consumer_775946,302
consumer_249973,221
consumer_137544,56
consumer_30539,95
consumer_45063,35
consumer_950082,69
consumer_374740,91
consumer_728768,101
consumer_835182,6678
consumer_503023,50
consumer_608114,12987
consumer_237184,1944
consumer_359286,775
consumer_108334,32
consumer_253336,33
consumer_127952,34
consumer_703736,241
consumer_612850,32
consumer_75974,2879
consumer_401150,125
consumer_533967,34
consumer_259421,3476
consumer_852772,235
consumer_233985,804
consumer_903447,7568
consumer_201411,281
consumer_784847,44
consumer_980393,2909
consumer_139658,661
consumer_399402,41
consumer_98661,173
consumer_777380,7242
consumer_483683,1551
consumer_857966,4468
consumer_563770,46
consumer_525375,108
consumer_957652,35
consumer_798552,38
consumer_699083,52
consumer_852879,100
consumer_187817,34
consumer_473700,882
consumer_704363,32
consumer_313868,37
consumer_327717,10945
consumer_471840,33
consumer_360238,3362
consumer_576684,125
consumer_675480,3435
consumer_780474,2561
consumer_884646,610
consumer_38487,101
consumer_423687,279
consumer_489937,905
consumer_677702,473
consumer_622596,50
consumer_445135,250
consumer_559571,33
consumer_743569,1268
consumer_692153,12447
consumer_528320,47
consumer_457207,37
consumer_361988,1003
consumer_76103,33
consumer_61543,1040
consumer_260627,32
consumer_245964,3491
consumer_314955,51
consumer_317920,50
consumer_761761,463
consumer_176090,62
consumer_866625,867
consumer_858093,3604
consumer_861977,814
consumer_122924,1117
consumer_677783,37
consumer_804476,240
consumer_853965,149
consumer_752208,36
consumer_662555,157
consumer_358135,1354
consumer_399787,9772
consumer_961573,36
consumer_942309,43
consumer_222003,1058
consumer_363021,32
consumer_540140,35
consumer_206041,268
consumer_255867,110
consumer_515674,15030
consumer_106553,110
consumer_199066,362
consumer_844454,654
consumer_906177,36
consumer_580204,44
consumer_712497,5877
consumer_511523,32
consumer_305660,168
consumer_739868,73
consumer_709982,33
consumer_967659,218
consumer_623404,65
consumer_126939,507
consumer_752952,40
consumer_878462,2107
consumer_447734,110
consumer_325511,41
consumer_885245,149
consumer_277052,32
consumer_42258,6466
consumer_172290,7247
consumer_937855,71
consumer_57326,1999
consumer_421480,36
consumer_355265,449
consumer_857144,3200
consumer_241784,1006
consumer_985914,1450
consumer_127835,32
consumer_216887,38
consumer_356362,4042
consumer_263648,37
consumer_362016,680
consumer_317698,49
consumer_887259,42
consumer_881849,296
consumer_188486,36
consumer_690405,2323
consumer_456222,390
consumer_944915,172
consumer_564960,61
consumer_749376,1096
consumer_188309,2529
consumer_173829,112
consumer_195616,39
consumer_152342,1620
consumer_531851,38
consumer_813195,73
consumer_192441,34
consumer_391524,445
consumer_291869,231
consumer_184635,1173
consumer_207619,59
consumer_459072,34
consumer_919250,59
consumer_615626,32
consumer_879934,253
consumer_576293,32
consumer_220331,985
consumer_673352,5548
consumer_375102,113
consumer_67259,10885
consumer_124779,9197
consumer_818834,13575
consumer_87977,927
consumer_140232,68
consumer_620379,4852
consumer_645142,43
consumer_722178,44
consumer_800851,178
consumer_119878,504
consumer_518638,5319
consumer_496245,64
consumer_674575,47
consumer_387735,511
consumer_413345,121
consumer_703981,32
consumer_517505,4496
consumer_940372,10010
consumer_636033,150
consumer_713531,42
consumer_211218,4722
consumer_715616,350
consumer_569498,49
consumer_362856,32
consumer_312786,161
consumer_219326,37
consumer_542595,53
consumer_432606,35
consumer_680938,4127
consumer_391468,37
consumer_738433,190
consumer_545003,548
consumer_967389,237
consumer_853420,3561
consumer_73710,312
consumer_242727,34
consumer_811042,247
consumer_461216,166
consumer_881941,108
consumer_63632,114
consumer_101556,1633
consumer_507930,9517
consumer_337548,62
consumer_797414,497
consumer_568346,33
consumer_242614,32
consumer_63382,459
consumer_909546,70
consumer_618348,102
consumer_574038,33
consumer_327489,619
consumer_708571,121
consumer_721398,39
consumer_602294,4226
consumer_196351,108
consumer_978418,236
consumer_894882,58
consumer_499767,32
consumer_983859,257
consumer_63020,76
consumer_484276,38
consumer_326782,4729
consumer_563943,12630
consumer_715614,5224
consumer_973780,145
consumer_258678,36
consumer_34712,65
consumer_697611,3301
consumer_393639,73
consumer_719970,33
consumer_965763,42
consumer_233062,48
consumer_138430,846
consumer_432378,73
consumer_732396,38
consumer_849294,47
consumer_35649,34
consumer_455795,32
consumer_176719,304
consumer_845245,34
consumer_520999,146
consumer_693490,2398
consumer_837959,34
consumer_852320,80
consumer_898450,39
consumer_288206,332
consumer_314793,264
consumer_485589,3273
consumer_668062,141
consumer_965728,32
consumer_483236,64
consumer_721871,105
consumer_146773,2050
consumer_849568,920
consumer_473794,1971
consumer_99546,1728
consumer_936158,35
consumer_580228,32
consumer_104266,718
consumer_130856,135
consumer_71281,1769
consumer_631982,476
consumer_575850,36
consumer_299388,9321
consumer_201392,91
consumer_483350,70
consumer_792924,92
consumer_249335,9391
consumer_812747,77
consumer_864185,2779
consumer_795737,3556
consumer_64047,34
consumer_975417,402
consumer_179739,654
consumer_990973,35
consumer_876410,9782
consumer_296124,37
consumer_605586,10995
consumer_633571,2659
consumer_610510,121
consumer_59458,97
consumer_349220,1121
consumer_973505,32
consumer_173801,32
consumer_138907,32
consumer_205219,42
consumer_360185,32
consumer_107678,50
consumer_196672,2804
consumer_153179,618
consumer_568136,38
consumer_767331,33
consumer_831670,137
consumer_523475,897
consumer_525024,12182
consumer_92212,107
consumer_867472,33
consumer_331715,749
consumer_581089,47
consumer_952930,103
consumer_223435,136
consumer_289233,33
consumer_970522,40
consumer_797115,33
consumer_414448,274
consumer_419368,32
consumer_298763,46
consumer_919284,130
consumer_626582,65
consumer_63624,47
consumer_906623,1236
consumer_672538,32
consumer_847929,15191
consumer_439023,128
consumer_639596,36
consumer_789763,3143
consumer_398147,32
consumer_78284,73
consumer_365726,867
consumer_599350,338
consumer_803538,40
consumer_567670,34
consumer_568424,3133
consumer_689654,8933
consumer_319835,33
consumer_697131,1532
consumer_115636,65
consumer_443094,1218
consumer_638977,539
consumer_484373,105
consumer_493057,2692
consumer_165574,251
consumer_972695,77
consumer_700285,96
consumer_667177,33
consumer_38867,380
consumer_764848,4469
consumer_767415,62
consumer_308193,323
consumer_753286,12739
consumer_932153,32
consumer_197900,114
consumer_654152,32
consumer_223724,695
consumer_288554,59
consumer_449432,58
consumer_927693,32
consumer_791175,126
consumer_414167,42
consumer_849807,460
consumer_424016,48
consumer_363013,44
consumer_917943,56
consumer_924093,33
consumer_728415,33
consumer_455897,2737
consumer_582639,35
consumer_963577,33
consumer_547147,32
consumer_699378,2571
consumer_681788,339
consumer_194833,57
consumer_574575,116
consumer_434952,50
consumer_236888,84
consumer_576141,14104
consumer_665758,32
consumer_569696,3561
consumer_393572,33
consumer_584110,258
consumer_234704,795
consumer_337986,33
consumer_382523,33
consumer_262787,242
consumer_367796,32
consumer_768446,3682
consumer_802015,34
consumer_585923,175
consumer_113844,36
consumer_544375,394
consumer_494434,41
consumer_176428,42
consumer_664154,458
consumer_167339,308
consumer_687067,362
consumer_112905,83
consumer_442086,38
consumer_225003,6382
consumer_563576,1347
consumer_253045,176
consumer_608632,5638
consumer_976709,448
consumer_284598,5197
consumer_456149,418
consumer_731974,1852
consumer_272925,478
consumer_205537,655
consumer_497127,33
consumer_300009,39
consumer_646065,621
consumer_604950,38
consumer_429221,32
consumer_563610,7835
consumer_317571,35
consumer_849563,388
consumer_871814,3178
consumer_240443,70
consumer_910693,68
consumer_378184,39
consumer_253256,117
consumer_722078,8208
consumer_945207,10693
consumer_898249,42
consumer_648815,1507
consumer_317492,1498
consumer_643591,536
consumer_90146,32
consumer_83354,418
consumer_659898,384
consumer_866738,15118
consumer_162695,53
consumer_345117,45
consumer_358395,36
consumer_399608,179
consumer_481392,15968
consumer_707568,44
consumer_388366,32
consumer_924203,499
consumer_751094,197
consumer_186265,7642
consumer_766498,34
consumer_298069,33
consumer_66488,32
consumer_78089,99
consumer_482477,316
consumer_420419,33
consumer_774797,35
consumer_119682,145
consumer_388725,3700
consumer_748808,11038
consumer_377739,44
